Species name adjusted,Species name,Group,Broad level threat,Scope,Severity,Timing score,"Sum of timing, scope, severity",Impact score,inv_sp_name
Amytornis modestus obscurior,Amytornis modestus obscurior,Birds,Invasive species and diseases,3,3,3,9,High,Red Fox
Amytornis modestus obscurior,Amytornis modestus obscurior,Birds,Invasive species and diseases,3,3,3,9,High,European Rabbit
Antechinus argentus,Antechinus argentus,Mammals,Invasive species and diseases,3,3,3,9,High,Feral Pig
Dasyurus maculatus maculatus (SE mainland population),Dasyurus maculatus maculatus (SE mainland populations),Mammals,Invasive species and diseases,3,3,3,9,High,Red Fox
Petrogale xanthopus xanthopus,Petrogale xanthopus xanthopus,Mammals,Invasive species and diseases,3,3,3,9,High,Red Fox
Acacia carneorum,Acacia carneorum,Plants,Invasive species and diseases,3,2,3,8,High,European Rabbit
Advena campbellii,Advena campbellii,Invertebrates,Invasive species and diseases,3,2,3,8,High,Lantana
Antechinus arktos,Antechinus arktos,Mammals,Invasive species and diseases,3,2,3,8,High,Red Fox
Argynnis hyperbius inconstans,Argynnis hyperbius inconstans,Invertebrates,Invasive species and diseases,3,2,3,8,High,Lantana
Austrostipa bronwenae,Austrostipa bronwenae,Plants,Invasive species and diseases,3,2,3,8,High,Feral Pig
Bettongia penicillata,Bettongia penicillata,Mammals,Invasive species and diseases,2,3,3,8,High,Red Fox
Burramys parvus,Burramys parvus,Mammals,Invasive species and diseases,3,2,3,8,High,Red Fox
Clausena excavata,Clausena excavata,Plants,Invasive species and diseases,3,2,3,8,High,Gamba Grass
Cyathea exilis,Cyathea exilis,Plants,Invasive species and diseases,3,2,3,8,High,Feral Pig
Dasyornis longirostris,Dasyornis longirostris,Birds,Invasive species and diseases,3,2,3,8,High,Red Fox
Eucalyptus leprophloia,Eucalyptus leprophloia,Plants,Invasive species and diseases,3,2,3,8,High,European Rabbit
Gentiana bredboensis,Gentiana bredboensis,Plants,Invasive species and diseases,3,2,3,8,High,Feral Pig
Geophaps smithii smithii,Geophaps smithii smithii,Birds,Invasive species and diseases,3,2,3,8,High,Gamba Grass
Gudeoconcha sophiae magnifica,Gudeoconcha sophiae magnifica,Invertebrates,Invasive species and diseases,3,2,3,8,High,Feral Pig
Lepidochelys olivacea,Lepidochelys olivacea,Reptiles,Invasive species and diseases,2,3,3,8,High,Feral Pig
Mathewsoconcha grayi ms,Mathewsoconcha grayi ms,Invertebrates,Invasive species and diseases,3,2,3,8,High,Lantana
Mathewsoconcha phillipii,Mathewsoconcha phillipii,Invertebrates,Invasive species and diseases,3,2,3,8,High,Lantana
Mathewsoconcha suteri,Mathewsoconcha suteri,Invertebrates,Invasive species and diseases,3,2,3,8,High,Lantana
Mesodontrachia fitzroyana,Mesodontrachia fitzroyana,Invertebrates,Invasive species and diseases,3,2,3,8,High,Cane Toad
Myrmecobius fasciatus,Myrmecobius fasciatus,Mammals,Invasive species and diseases,3,2,3,8,High,Red Fox
Onychogalea fraenata,Onychogalea fraenata,Mammals,Invasive species and diseases,3,2,3,8,High,Red Fox
Petrogale lateralis lateralis,Petrogale lateralis lateralis,Mammals,Invasive species and diseases,2,3,3,8,High,Red Fox
Petrogale lateralis MacDonnell Ranges race¬†=¬†Petrogale lateralis centralis,Petrogale lateralis MacDonnell Ranges race¬†=¬†Petrogale lateralis centralis,Mammals,Invasive species and diseases,3,2,3,8,High,Red Fox
Petrogale penicillata,Petrogale penicillata,Mammals,Invasive species and diseases,2,3,3,8,High,Red Fox
Phascogale calura,Phascogale calura,Mammals,Invasive species and diseases,3,2,3,8,High,Red Fox
Polytelis alexandrae,Polytelis alexandrae,Birds,Invasive species and diseases,3,2,3,8,High,Red Fox
Pomaderris subplicata,Pomaderris subplicata,Plants,Invasive species and diseases,3,2,3,8,High,European Rabbit
Prasophyllum correctum,Prasophyllum correctum,Plants,Invasive species and diseases,3,2,3,8,High,European Rabbit
Psephotus chrysopterygius,Psephotus chrysopterygius,Birds,Invasive species and diseases,3,2,3,8,High,Feral Pig
Pseudocheirus occidentalis,Pseudocheirus occidentalis,Mammals,Invasive species and diseases,3,2,3,8,High,Red Fox
Pseudomys fumeus,Pseudomys fumeus,Mammals,Invasive species and diseases,3,2,3,8,High,Red Fox
Psophodes nigrogularis nigrogularis,Psophodes nigrogularis nigrogularis,Birds,Invasive species and diseases,3,2,3,8,High,Red Fox
Quintalia stoddartii,Quintalia stoddartii,Invertebrates,Invasive species and diseases,3,2,3,8,High,Lantana
Sminthopsis douglasi,Sminthopsis douglasi,Mammals,Invasive species and diseases,3,2,3,8,High,Red Fox
Sminthopsis psammophila,Sminthopsis psammophila,Mammals,Invasive species and diseases,3,2,3,8,High,Red Fox
Acacia araneosa,Acacia araneosa,Plants,Invasive species and diseases,2,2,3,7,Medium,European Rabbit
Acacia curranii,Acacia curranii,Plants,Invasive species and diseases,2,2,3,7,Medium,European Rabbit
Acacia volubilis,Acacia volubilis,Plants,Invasive species and diseases,3,1,3,7,Medium,European Rabbit
Acacia whibleyana,Acacia whibleyana,Plants,Invasive species and diseases,3,1,3,7,Medium,European Rabbit
Acanthocladium dockeri,Acanthocladium dockeri,Plants,Invasive species and diseases,3,1,3,7,Medium,European Rabbit
Adclarkia cameroni,Adclarkia cameroni,Invertebrates,Invasive species and diseases,2,2,3,7,Medium,Buffel Grass
Adclarkia cameroni,Adclarkia cameroni,Invertebrates,Invasive species and diseases,2,2,3,7,Medium,Feral Pig
Adclarkia dulacca,Adclarkia dulacca,Invertebrates,Invasive species and diseases,2,2,3,7,Medium,Buffel Grass
Adclarkia dulacca,Adclarkia dulacca,Invertebrates,Invasive species and diseases,2,2,3,7,Medium,Feral Pig
Amytornis dorotheae,Amytornis dorotheae,Birds,Invasive species and diseases,1,3,3,7,Medium,Buffel Grass
Amytornis textilis myall,Amytornis textilis myall,Birds,Invasive species and diseases,2,2,3,7,Medium,Red Fox
Amytornis textilis myall,Amytornis textilis myall,Birds,Invasive species and diseases,2,2,3,7,Medium,European Rabbit
Androcalva perlaria,Androcalva perlaria,Plants,Invasive species and diseases,2,2,3,7,Medium,European Rabbit
Antechinus argentus,Antechinus argentus,Mammals,Invasive species and diseases,3,1,3,7,Medium,Red Fox
Antechinus argentus,Antechinus argentus,Mammals,Invasive species and diseases,3,1,3,7,Medium,Lantana
Antechinus bellus,Antechinus bellus,Mammals,Invasive species and diseases,2,2,3,7,Medium,Cane Toad
Ballantinia antipoda,Ballantinia antipoda,Plants,Invasive species and diseases,3,1,3,7,Medium,European Rabbit
Ballantinia antipoda,Ballantinia antipoda,Plants,Invasive species and diseases,3,1,3,7,Medium,Feral Pig
Baloskion longipes,Baloskion longipes,Plants,Invasive species and diseases,3,1,3,7,Medium,Feral Pig
Banksia cuneata,Banksia cuneata,Plants,Invasive species and diseases,3,1,3,7,Medium,European Rabbit
Bettongia lesueur lesueur,Bettongia lesueur lesueur,Mammals,Invasive species and diseases,1,3,3,7,Medium,Red Fox
Boronia deanei,Boronia deanei,Plants,Invasive species and diseases,3,1,3,7,Medium,Feral Pig
Borya mirabilis,Borya mirabilis,Plants,Invasive species and diseases,3,1,3,7,Medium,European Rabbit
Burmannia sp. bathurst island (r.fensham 1021),Burmannia sp. bathurst island (r.fensham 1021),Plants,Invasive species and diseases,3,1,3,7,Medium,Feral Pig
Caladenia audasii,Caladenia audasii,Plants,Invasive species and diseases,3,1,3,7,Medium,European Rabbit
Caladenia calcicola,Caladenia calcicola,Plants,Invasive species and diseases,3,1,3,7,Medium,European Rabbit
Caladenia insularis,Caladenia insularis,Plants,Invasive species and diseases,3,1,3,7,Medium,European Rabbit
Caladenia lowanensis,Caladenia lowanensis,Plants,Invasive species and diseases,3,1,3,7,Medium,European Rabbit
Caladenia pumila,Caladenia pumila,Plants,Invasive species and diseases,3,1,3,7,Medium,European Rabbit
Caladenia richardsiorum,Caladenia richardsiorum,Plants,Invasive species and diseases,3,1,3,7,Medium,European Rabbit
Caladenia viridescens,Caladenia viridescens,Plants,Invasive species and diseases,3,1,3,7,Medium,European Rabbit
Calamanthus pyrrhopygia parkeri,Calamanthus pyrrhopygia parkeri,Birds,Invasive species and diseases,2,2,3,7,Medium,Red Fox
Callitris oblonga subsp. oblonga,Callitris oblonga subsp. oblonga,Plants,Invasive species and diseases,3,1,3,7,Medium,European Rabbit
Calophyllum bicolor,Calophyllum bicolor,Plants,Invasive species and diseases,3,1,3,7,Medium,Feral Pig
Codonocarpus pyramidalis,Codonocarpus pyramidalis,Plants,Invasive species and diseases,3,1,3,7,Medium,European Rabbit
Conostylis drummondii,Conostylis drummondii,Plants,Invasive species and diseases,3,1,3,7,Medium,European Rabbit
Conostylis setigera subsp. dasys,Conostylis setigera subsp. dasys,Plants,Invasive species and diseases,2,2,3,7,Medium,European Rabbit
Corunastylis insignis,Corunastylis insignis,Plants,Invasive species and diseases,3,1,3,7,Medium,Feral Pig
Corunastylis insignis,Corunastylis insignis,Plants,Invasive species and diseases,3,1,3,7,Medium,European Rabbit
Corunastylis littoralis,Corunastylis littoralis,Plants,Invasive species and diseases,3,1,3,7,Medium,Feral Pig
Corunastylis littoralis,Corunastylis littoralis,Plants,Invasive species and diseases,3,1,3,7,Medium,European Rabbit
Crepidium lawleri,Crepidium lawleri,Plants,Invasive species and diseases,3,1,3,7,Medium,Feral Pig
Darwinia meeboldii,Darwinia meeboldii,Plants,Invasive species and diseases,3,1,3,7,Medium,European Rabbit
Daviesia cunderdin,Daviesia cunderdin,Plants,Invasive species and diseases,3,1,3,7,Medium,European Rabbit
Diuris basaltica,Diuris basaltica,Plants,Invasive species and diseases,3,1,3,7,Medium,European Rabbit
Diuris fragrantissima,Diuris fragrantissima,Plants,Invasive species and diseases,3,1,3,7,Medium,European Rabbit
Diuris venosa,Diuris venosa,Plants,Invasive species and diseases,3,1,3,7,Medium,Feral Pig
Drakaea concolor,Drakaea concolor,Plants,Invasive species and diseases,3,1,3,7,Medium,Feral Pig
Eryngium fontanum,Eryngium fontanum,Plants,Invasive species and diseases,3,1,3,7,Medium,Feral Pig
Eucalyptus mckieana,Eucalyptus mckieana,Plants,Invasive species and diseases,3,1,3,7,Medium,European Rabbit
Eucalyptus morrisbyi,Eucalyptus morrisbyi,Plants,Invasive species and diseases,2,2,3,7,Medium,European Rabbit
Gastrolobium papilio,Gastrolobium papilio,Plants,Invasive species and diseases,3,1,3,7,Medium,European Rabbit
Genoplesium plumosum,Genoplesium plumosum,Plants,Invasive species and diseases,3,1,3,7,Medium,European Rabbit
Gentiana baeuerlenii,Gentiana baeuerlenii,Plants,Invasive species and diseases,3,1,3,7,Medium,Feral Pig
Gentiana wissmannii,Gentiana wissmannii,Plants,Invasive species and diseases,3,1,3,7,Medium,Feral Pig
Geophaps scripta scripta,Geophaps scripta scripta,Birds,Invasive species and diseases,1,3,3,7,Medium,Buffel Grass
Grevillea dryandroides subsp. dryandroides,Grevillea dryandroides subsp. dryandroides,Plants,Invasive species and diseases,3,1,3,7,Medium,European Rabbit
Gyrostemon reticulatus,Gyrostemon reticulatus,Plants,Invasive species and diseases,3,1,3,7,Medium,European Rabbit
Heleioporus australiacus,Heleioporus australiacus,Frogs,Invasive species and diseases,3,1,3,7,Medium,Red Fox
Homoranthus bebo,Homoranthus bebo,Plants,Invasive species and diseases,3,1,3,7,Medium,Feral Pig
Isoodon obesulus nauticus,Isoodon obesulus nauticus,Mammals,Invasive species and diseases,2,2,3,7,Medium,Red Fox
Lagorchestes hirsutus bernieri,Lagorchestes hirsutus bernieri,Mammals,Invasive species and diseases,3,3,1,7,Medium,Red Fox
Lagorchestes hirsutus central australian subspecies,Lagorchestes hirsutus central australian subspecies,Mammals,Invasive species and diseases,3,3,1,7,Medium,Red Fox
Lagorchestes hirsutus dorreae,Lagorchestes hirsutus dorreae,Mammals,Invasive species and diseases,3,1,3,7,Medium,Red Fox
Lawrencia buchananensis,Lawrencia buchananensis,Plants,Invasive species and diseases,3,1,3,7,Medium,Feral Pig
Liopholis kintorei,Liopholis kintorei,Reptiles,Invasive species and diseases,3,1,3,7,Medium,Red Fox
Liopholis kintorei,Liopholis kintorei,Reptiles,Invasive species and diseases,3,1,3,7,Medium,European Rabbit
Lysiosepalum abollatum,Lysiosepalum abollatum,Plants,Invasive species and diseases,3,1,3,7,Medium,European Rabbit
Mastacomys fuscus mordicus,Mastacomys fuscus mordicus,Mammals,Invasive species and diseases,2,2,3,7,Medium,Red Fox
Melichrus sp. gibberagee (benwell 97239),Melichrus sp. gibberagee (benwell 97239),Plants,Invasive species and diseases,3,1,3,7,Medium,Lantana
Notomys fuscus,Notomys fuscus,Mammals,Invasive species and diseases,3,1,3,7,Medium,European Rabbit
Notomys fuscus,Notomys fuscus,Mammals,Invasive species and diseases,3,1,3,7,Medium,Red Fox
Ordtrachia septentrionalis,Ordtrachia septentrionalis,Invertebrates,Invasive species and diseases,2,2,3,7,Medium,Cane Toad
Pachycephala rufogularis,Pachycephala rufogularis,Birds,Invasive species and diseases,3,1,3,7,Medium,Red Fox
Paralucia spinifera,Paralucia spinifera,Invertebrates,Invasive species and diseases,2,2,3,7,Medium,Feral Pig
Parantechinus apicalis,Parantechinus apicalis,Mammals,Invasive species and diseases,2,2,3,7,Medium,Red Fox
Pedionomus torquatus,Pedionomus torquatus,Birds,Invasive species and diseases,2,2,3,7,Medium,European Rabbit
Pedionomus torquatus,Pedionomus torquatus,Birds,Invasive species and diseases,2,2,3,7,Medium,Red Fox
Perameles gunnii gunnii,Perameles gunnii gunnii,Mammals,Invasive species and diseases,3,1,3,7,Medium,Red Fox
Petrogale lateralis MacDonnell Ranges race¬†=¬†Petrogale lateralis centralis,Petrogale lateralis MacDonnell Ranges race¬†=¬†Petrogale lateralis centralis,Mammals,Invasive species and diseases,2,2,3,7,Medium,Buffel Grass
Phascogale pirata,Phascogale pirata,Mammals,Invasive species and diseases,2,2,3,7,Medium,Cane Toad
Philotheca basistyla,Philotheca basistyla,Plants,Invasive species and diseases,3,1,3,7,Medium,European Rabbit
Pityrodia scabra,Pityrodia scabra,Plants,Invasive species and diseases,3,1,3,7,Medium,European Rabbit
Planchonella eerwah,Planchonella eerwah,Plants,Invasive species and diseases,3,1,3,7,Medium,Feral Pig
Planchonella eerwah,Planchonella eerwah,Plants,Invasive species and diseases,3,1,3,7,Medium,Lantana
Poephila cincta cincta,Poephila cincta cincta,Birds,Invasive species and diseases,3,1,3,7,Medium,European Rabbit
Potorous gilbertii,Potorous gilbertii,Mammals,Invasive species and diseases,2,2,3,7,Medium,Red Fox
Potorous tridactylus tridactylus,Potorous tridactylus tridactylus,Mammals,Invasive species and diseases,3,1,3,7,Medium,Red Fox
Prasophyllum bagoense,Prasophyllum bagoense,Plants,Invasive species and diseases,3,1,3,7,Medium,Feral Pig
Prasophyllum frenchii,Prasophyllum frenchii,Plants,Invasive species and diseases,3,1,3,7,Medium,European Rabbit
Prasophyllum keltonii,Prasophyllum keltonii,Plants,Invasive species and diseases,3,1,3,7,Medium,Feral Pig
Pseudomys australis,Pseudomys australis,Mammals,Invasive species and diseases,3,1,3,7,Medium,Red Fox
Pseudomys oralis,Pseudomys oralis,Mammals,Invasive species and diseases,3,1,3,7,Medium,Red Fox
Pseudomys shortridgei,Pseudomys shortridgei,Mammals,Invasive species and diseases,3,1,3,7,Medium,Red Fox
Pterostylis arenicola,Pterostylis arenicola,Plants,Invasive species and diseases,3,1,3,7,Medium,European Rabbit
Pterostylis bryophila,Pterostylis bryophila,Plants,Invasive species and diseases,3,1,3,7,Medium,European Rabbit
Pterostylis cheraphila,Pterostylis cheraphila,Plants,Invasive species and diseases,3,1,3,7,Medium,European Rabbit
Pterostylis chlorogramma,Pterostylis chlorogramma,Plants,Invasive species and diseases,3,1,3,7,Medium,European Rabbit
Pterostylis saxicola,Pterostylis saxicola,Plants,Invasive species and diseases,3,1,3,7,Medium,Feral Pig
Pterostylis sinuata,Pterostylis sinuata,Plants,Invasive species and diseases,3,1,3,7,Medium,Feral Pig
Ptilotus pyramidatus,Ptilotus pyramidatus,Plants,Invasive species and diseases,3,1,3,7,Medium,European Rabbit
Pultenaea parrisiae,Pultenaea parrisiae,Plants,Invasive species and diseases,3,1,3,7,Medium,Feral Pig
Reedia spathacea,Reedia spathacea,Plants,Invasive species and diseases,3,1,3,7,Medium,Feral Pig
Rostratula australis,Rostratula australis,Birds,Invasive species and diseases,2,2,3,7,Medium,Red Fox
Sankowskya stipularis,Sankowskya stipularis,Plants,Invasive species and diseases,3,1,3,7,Medium,Feral Pig
Setonix brachyurus,Setonix brachyurus,Mammals,Invasive species and diseases,2,2,3,7,Medium,Red Fox
Sternula nereis nereis,Sternula nereis nereis,Birds,Invasive species and diseases,1,3,3,7,Medium,Red Fox
Stipiturus mallee,Stipiturus mallee,Birds,Invasive species and diseases,3,1,3,7,Medium,Red Fox
Stylidium coroniforme subsp. coroniforme,Stylidium coroniforme subsp. coronoiforme,Plants,Invasive species and diseases,3,1,3,7,Medium,European Rabbit
Stylidium semaphorum,Stylidium semaphorum,Plants,Invasive species and diseases,3,1,3,7,Medium,European Rabbit
Synaphea sp. fairbridge farm (d. papenfus 696),Synaphea sp. fairbridge farm (d. papenfus 696),Plants,Invasive species and diseases,3,1,3,7,Medium,European Rabbit
Thelymitra adorata,Thelymitra adorata,Plants,Invasive species and diseases,3,1,3,7,Medium,European Rabbit
Thelymitra dedmaniarum,Thelymitra dedmaniarum,Plants,Invasive species and diseases,3,1,3,7,Medium,Feral Pig
Thelymitra dedmaniarum,Thelymitra dedmaniarum,Plants,Invasive species and diseases,3,1,3,7,Medium,European Rabbit
Thinornis cucullatus cucullatus,Thinornis rubricollis rubricollis,Birds,Invasive species and diseases,2,2,3,7,Medium,Red Fox
Tribonanthes purpurea,Tribonanthes purpurea,Plants,Invasive species and diseases,3,1,3,7,Medium,European Rabbit
Verticordia spicata subsp. squamosa,Verticordia spicata subsp. squamosa,Plants,Invasive species and diseases,3,1,3,7,Medium,European Rabbit
Verticordia staminosa var. cylindracea,Verticordia staminosa var. cylindracea,Plants,Invasive species and diseases,3,1,3,7,Medium,European Rabbit
Zieria baeuerlenii,Zieria baeuerlenii,Plants,Invasive species and diseases,3,1,3,7,Medium,European Rabbit
Zieria bifida,Zieria bifida,Plants,Invasive species and diseases,3,1,3,7,Medium,Lantana
Zieria collina,Zieria collina,Plants,Invasive species and diseases,3,1,3,7,Medium,Lantana
Zieria formosa,Zieria formosa,Plants,Invasive species and diseases,3,1,3,7,Medium,European Rabbit
Zieria tuberculata,Zieria tuberculata,Plants,Invasive species and diseases,3,1,3,7,Medium,Lantana
Acacia aprica,Acacia aprica,Plants,Invasive species and diseases,2,1,3,6,Medium,European Rabbit
Acacia caerulescens,Acacia caerulescens,Plants,Invasive species and diseases,2,1,3,6,Medium,European Rabbit
Acacia pinguifolia,Acacia pinguifolia,Plants,Invasive species and diseases,2,1,3,6,Medium,European Rabbit
Acacia spilleriana,Acacia spilleriana,Plants,Invasive species and diseases,2,1,3,6,Medium,European Rabbit
Acanthophis hawkei,Acanthophis hawkei,Reptiles,Invasive species and diseases,3,0,3,6,Medium,Cane Toad
Ammobium craspedioides,Ammobium craspedioides,Plants,Invasive species and diseases,2,1,3,6,Medium,European Rabbit
Amytornis barbatus barbatus,Amytornis barbatus barbatus,Birds,Invasive species and diseases,1,2,3,6,Medium,European Rabbit
Amytornis barbatus barbatus,Amytornis barbatus barbatus,Birds,Invasive species and diseases,1,2,3,6,Medium,Red Fox
Amytornis barbatus barbatus,Amytornis barbatus barbatus,Birds,Invasive species and diseases,1,2,3,6,Medium,Feral Pig
Amytornis merrotsyi merrotsyi,Amytornis merrotsyi merrotsyi,Birds,Invasive species and diseases,1,2,3,6,Medium,Red Fox
Anthochaera phrygia,Anthochaera phrygia,Birds,Invasive species and diseases,2,1,3,6,Medium,European Rabbit
Bertya tasmanica subsp. tasmanica,Bertya tasmanica subsp. tasmanica,Plants,Invasive species and diseases,2,1,3,6,Medium,Gorse
Bettongia lesueur,Bettongia lesueur,Mammals,Invasive species and diseases,0,3,3,6,Medium,Red Fox
Bettongia tropica,Bettongia tropica,Mammals,Invasive species and diseases,0,3,3,6,Medium,Feral Pig
Bettongia tropica,Bettongia tropica,Mammals,Invasive species and diseases,0,3,3,6,Medium,Red Fox
Botaurus poiciloptilus,Botaurus poiciloptilus,Birds,Invasive species and diseases,1,2,3,6,Medium,Red Fox
Caladenia behrii,Caladenia behrii,Plants,Invasive species and diseases,3,0,3,6,Medium,European Rabbit
Caladenia formosa,Caladenia formosa,Plants,Invasive species and diseases,2,1,3,6,Medium,European Rabbit
Caladenia gladiolata,Caladenia gladiolata,Plants,Invasive species and diseases,2,1,3,6,Medium,European Rabbit
Caladenia hastata,Caladenia hastata,Plants,Invasive species and diseases,2,1,3,6,Medium,European Rabbit
Caladenia hopperiana,Caladenia hopperiana,Plants,Invasive species and diseases,3,0,3,6,Medium,Feral Pig
Caladenia melanema,Caladenia melanema,Plants,Invasive species and diseases,2,1,3,6,Medium,European Rabbit
Caladenia rigida,Caladenia rigida,Plants,Invasive species and diseases,2,1,3,6,Medium,European Rabbit
Caladenia versicolor,Caladenia versicolor,Plants,Invasive species and diseases,2,1,3,6,Medium,European Rabbit
Caladenia xanthochila,Caladenia xanthochila,Plants,Invasive species and diseases,2,1,3,6,Medium,European Rabbit
Callitris oblonga,Callitris oblonga,Plants,Invasive species and diseases,2,1,3,6,Medium,European Rabbit
Conospermum undulatum,Conospermum undulatum,Plants,Invasive species and diseases,2,1,3,6,Medium,European Rabbit
Conostylis rogeri,Conostylis rogeri,Plants,Invasive species and diseases,2,1,3,6,Medium,European Rabbit
Cynanchum elegans,Cynanchum elegans,Plants,Invasive species and diseases,2,1,3,6,Medium,European Rabbit
Darwinia carnea,Darwinia carnea,Plants,Invasive species and diseases,2,1,3,6,Medium,European Rabbit
Dasyuroides byrnei,Dasyuroides byrnei,Mammals,Invasive species and diseases,2,1,3,6,Medium,Red Fox
Dasyurus geoffroii,Dasyurus geoffroii,Mammals,Invasive species and diseases,3,0,3,6,Medium,Red Fox
Diuris ochroma,Diuris ochroma,Plants,Invasive species and diseases,2,1,3,6,Medium,European Rabbit
Dodonaea procumbens,Dodonaea procumbens,Plants,Invasive species and diseases,2,1,3,6,Medium,European Rabbit
Drakaea confluens,Drakaea confluens,Plants,Invasive species and diseases,2,1,3,6,Medium,European Rabbit
Engaeus martigener,Engaeus martigener,Invertebrates,Invasive species and diseases,2,1,3,6,Medium,Feral Pig
Eriocaulon carsonii,Eriocaulon carsonii,Plants,Invasive species and diseases,3,0,3,6,Medium,Feral Pig
Eucalyptus tetrapleura,Eucalyptus tetrapleura,Plants,Invasive species and diseases,2,1,3,6,Medium,Lantana
Gastrolobium humile,Gastrolobium humile,Plants,Invasive species and diseases,2,1,3,6,Medium,European Rabbit
Gastrolobium lehmannii,Gastrolobium lehmannii,Plants,Invasive species and diseases,2,1,3,6,Medium,European Rabbit
Goodenia arthrotricha,Goodenia arthrotricha,Plants,Invasive species and diseases,2,1,3,6,Medium,European Rabbit
Grevillea althoferorum,Grevillea althoferorum,Plants,Invasive species and diseases,2,1,3,6,Medium,European Rabbit
Grevillea bracteosa subsp. howatharra,Grevillea bracteosa subsp. howatharra,Plants,Invasive species and diseases,2,1,3,6,Medium,European Rabbit
Grevillea calliantha,Grevillea calliantha,Plants,Invasive species and diseases,2,1,3,6,Medium,European Rabbit
Grevillea elongata,Grevillea elongata,Plants,Invasive species and diseases,2,1,3,6,Medium,European Rabbit
Hicksbeachia pinnatifolia,Hicksbeachia pinnatifolia,Plants,Invasive species and diseases,2,1,3,6,Medium,Lantana
Lagorchestes conspicillatus conspicillatus,Lagorchestes conspicillatus conspicillatus,Mammals,Invasive species and diseases,1,2,3,6,Low,Red Fox
Lagostrophus fasciatus fasciatus,Lagostrophus fasciatus fasciatus,Mammals,Invasive species and diseases,0,3,3,6,Medium,Red Fox
Lagostrophus fasciatus fasciatus,Lagostrophus fasciatus fasciatus,Mammals,Invasive species and diseases,0,3,3,6,Medium,Red Fox
Lasiopetalum sp. mount caroline (s.d. hopper sdh 6381),Lasiopetalum sp. mount caroline (s.d. hopper sdh 6381),Plants,Invasive species and diseases,2,1,3,6,Medium,European Rabbit
Lastreopsis walleri,Lastreopsis walleri,Plants,Invasive species and diseases,2,1,3,6,Medium,Lantana
Leipoa ocellata,Leipoa ocellata,Birds,Invasive species and diseases,2,1,3,6,Medium,Red Fox
Lepidium aschersonii,Lepidium aschersonii,Plants,Invasive species and diseases,2,1,3,6,Medium,European Rabbit
Lepidium aschersonii,Lepidium aschersonii,Plants,Invasive species and diseases,2,1,3,6,Medium,Feral Pig
Leporillus conditor,Leporillus conditor,Mammals,Invasive species and diseases,0,3,3,6,Medium,Red Fox
Lerista allanae,Lerista allanae,Reptiles,Invasive species and diseases,2,1,3,6,Medium,Buffel Grass
Lerista nevinae,Lerista nevinae,Reptiles,Invasive species and diseases,3,0,3,6,Medium,Buffel Grass
Lichenostomus melanops cassidix,Lichenostomus melanops cassidix,Birds,Invasive species and diseases,3,0,3,6,Medium,Red Fox
Liopholis slateri slateri,Liopholis slateri slateri,Reptiles,Invasive species and diseases,2,1,3,6,Medium,Buffel Grass
Macrotis lagotis,Macrotis lagotis,Mammals,Invasive species and diseases,3,0,3,6,Medium,Red Fox
Manorina melanotis,Manorina melanotis,Birds,Invasive species and diseases,3,0,3,6,Medium,European Rabbit
Medicosma elliptica,Medicosma elliptica,Plants,Invasive species and diseases,2,1,3,6,Medium,Lantana
Minuria tridens,Minuria tridens,Plants,Invasive species and diseases,2,1,3,6,Medium,Buffel Grass
Mirafra javanica melvillensis,Mirafra javanica melvillensis,Birds,Invasive species and diseases,1,2,3,6,Medium,Feral Pig
Mixophyes balbus,Mixophyes balbus,Frogs,Invasive species and diseases,2,1,3,6,Medium,Red Fox
Mixophyes fleayi,Mixophyes fleayi,Frogs,Invasive species and diseases,2,1,3,6,Medium,Red Fox
Mixophyes iteratus,Mixophyes iteratus,Frogs,Invasive species and diseases,2,1,3,6,Medium,Red Fox
Nangura spinosa,Nangura spinosa,Reptiles,Invasive species and diseases,2,1,3,6,Medium,Cane Toad
Perameles bougainville bougainville,Perameles bougainville bougainville,Mammals,Invasive species and diseases,0,3,3,6,Medium,Red Fox
Petrogale lateralis hacketti,Petrogale lateralis hacketti,Mammals,Invasive species and diseases,2,3,1,6,Medium,Red Fox
Petrogale lateralis West Kimberley race¬†=¬†Petrogale lateralis kimberleyensis,Petrogale lateralis West Kimberley race¬†=¬†Petrogale lateralis kimberleyensis,Mammals,Invasive species and diseases,3,0,3,6,Medium,Red Fox
Petrogale xanthopus celeris,Petrogale xanthopus celeris,Mammals,Invasive species and diseases,0,3,3,6,Medium,Red Fox
Phaius australis,Phaius australis,Plants,Invasive species and diseases,2,1,3,6,Medium,Feral Pig
Phascogale tapoatafa kimberleyensis,Phascogale tapoatafa kimberleyensis,Mammals,Invasive species and diseases,2,1,3,6,Medium,Red Fox
Plectranthus gratus,Plectranthus gratus,Plants,Invasive species and diseases,3,0,3,6,Medium,Lantana
Polytelis anthopeplus monarchoides,Polytelis anthopeplus monarchoides,Birds,Invasive species and diseases,3,0,3,6,Medium,European Rabbit
Polytelis swainsonii,Polytelis swainsonii,Birds,Invasive species and diseases,3,0,3,6,Medium,Common Myna
Prostanthera eurybioides,Prostanthera eurybioides,Plants,Invasive species and diseases,2,1,3,6,Medium,European Rabbit
Pterostylis cucullata,Pterostylis cucullata,Plants,Invasive species and diseases,2,1,3,6,Medium,European Rabbit
Pterostylis despectans,Pterostylis despectans,Plants,Invasive species and diseases,2,1,3,6,Medium,European Rabbit
Pterostylis oreophila,Pterostylis oreophila,Plants,Invasive species and diseases,2,1,3,6,Medium,Feral Pig
Pterostylis psammophila,Pterostylis psammophila,Plants,Invasive species and diseases,2,1,3,6,Medium,European Rabbit
Pterostylis sp. hale (r.bates 21725),Pterostylis sp. hale (r.bates 21725),Plants,Invasive species and diseases,2,1,3,6,Medium,European Rabbit
Rutidosis leiolepis,Rutidosis leiolepis,Plants,Invasive species and diseases,2,1,3,6,Medium,Feral Pig
Sinumelon bednalli,Sinumelon bednalli,Invertebrates,Invasive species and diseases,2,1,3,6,Medium,Buffel Grass
Sophora fraseri,Sophora fraseri,Plants,Invasive species and diseases,2,1,3,6,Medium,Lantana
Stylidium asymmetricum,Stylidium asymmetricum,Plants,Invasive species and diseases,2,1,3,6,Medium,Feral Pig
Tasmannia glaucifolia,Tasmannia glaucifolia,Plants,Invasive species and diseases,2,1,3,6,Medium,Feral Pig
Tetratheca deltoidea,Tetratheca deltoidea,Plants,Invasive species and diseases,3,0,3,6,Medium,European Rabbit
Thelymitra epipactoides,Thelymitra epipactoides,Plants,Invasive species and diseases,2,1,3,6,Medium,European Rabbit
Thelymitra matthewsii,Thelymitra matthewsii,Plants,Invasive species and diseases,2,1,3,6,Medium,European Rabbit
Trichanthodium baracchianum,Trichanthodium baracchianum,Plants,Invasive species and diseases,2,1,3,6,Medium,European Rabbit
Trisyntopa scatophaga,Trisyntopa scatophaga,Invertebrates,Invasive species and diseases,2,1,3,6,Medium,Feral Pig
Xanthostemon oppositifolius,Xanthostemon oppositifolius,Plants,Invasive species and diseases,2,1,3,6,Medium,Lantana
Acacia forrestiana,Acacia forrestiana,Plants,Invasive species and diseases,1,1,3,5,Low,European Rabbit
Acacia pygmaea,Acacia pygmaea,Plants,Invasive species and diseases,2,0,3,5,Low,European Rabbit
Amytornis merrotsyi pedleri,Amytornis merrotsyi pedleri,Birds,Invasive species and diseases,1,1,3,5,Low,Red Fox
Amytornis modestus,Amytornis modestus cowariae,Birds,Invasive species and diseases,1,1,3,5,Low,Red Fox
Amytornis modestus,Amytornis modestus cowariae,Birds,Invasive species and diseases,1,1,3,5,Low,European Rabbit
Bertya pinifolia,Bertya pinifolia,Plants,Invasive species and diseases,2,0,3,5,Low,Lantana
Ctenotus zastictus,Ctenotus zastictus,Reptiles,Invasive species and diseases,2,0,3,5,Low,Red Fox
Darwinia squarrosa,Darwinia squarrosa,Plants,Invasive species and diseases,3,1,1,5,Low,European Rabbit
Dasyornis brachypterus,Dasyornis brachypterus brachypterus,Birds,Invasive species and diseases,1,1,3,5,Low,Bitou Bush
Dasyurus maculatus maculatus (Tasmanian population),Dasyurus maculatus maculatus (Tasmanian population),Mammals,Invasive species and diseases,1,1,3,5,Low,Red Fox
Dasyurus viverrinus,Dasyurus viverrinus,Mammals,Invasive species and diseases,0,2,3,5,Low,Red Fox
Engaewa pseudoreducta,Engaewa pseudoreducta,Invertebrates,Invasive species and diseases,2,2,1,5,Low,Feral Pig
Engaewa reducta,Engaewa reducta,Invertebrates,Invasive species and diseases,2,2,1,5,Low,Feral Pig
Engaewa walpolea,Engaewa walpolea,Invertebrates,Invasive species and diseases,2,2,1,5,Low,Feral Pig
Epthianura crocea tunneyi,Epthianura crocea tunneyi,Birds,Invasive species and diseases,1,1,3,5,Low,Feral Pig
Grevillea dryandroides subsp. hirsuta,Grevillea dryandroides subsp. hirsuta,Plants,Invasive species and diseases,1,1,3,5,Low,European Rabbit
Leipoa ocellata,Leipoa ocellata,Birds,Invasive species and diseases,1,1,3,5,Low,European Rabbit
Nangura spinosa,Nangura spinosa,Reptiles,Invasive species and diseases,1,1,3,5,Low,Feral Pig
Neochmia phaeton evangelinae,Neochmia evangelinae,Birds,Invasive species and diseases,1,1,3,5,Low,Feral Pig
Ninox novaeseelandiae undulata,Ninox novaeseelandiae undulata,Birds,Invasive species and diseases,1,1,3,5,Low,Lantana
Pachycephala rufogularis,Pachycephala rufogularis,Birds,Invasive species and diseases,1,1,3,5,Low,European Rabbit
Parsonsia dorrigoensis,Parsonsia dorrigoensis,Plants,Invasive species and diseases,1,1,3,5,Low,Lantana
Pezoporus flaviventris,Pezoporus wallicus flaviventris,Birds,Invasive species and diseases,2,0,3,5,Low,Red Fox
Plectranthus nitidus,Plectranthus nitidus,Plants,Invasive species and diseases,2,0,3,5,Low,Lantana
Pseudomys fieldi,Pseudomys fieldi,Mammals,Invasive species and diseases,0,2,3,5,Low,Red Fox
Romnalda strobilacea,Romnalda strobilacea,Plants,Invasive species and diseases,1,1,3,5,Low,Lantana
Semotrachia euzyga,Semotrachia euzyga,Invertebrates,Invasive species and diseases,1,1,3,5,Low,Buffel Grass
Sminthopsis butleri,Sminthopsis butleri,Mammals,Invasive species and diseases,0,2,3,5,Low,Cane Toad
Stipiturus malachurus parimeda,Stipiturus malachurus parimeda,Birds,Invasive species and diseases,1,1,3,5,Low,Red Fox
Swainsona murrayana,Swainsona murrayana,Plants,Invasive species and diseases,2,0,3,5,Low,European Rabbit
Synaphea quartzitica,Synaphea quartzitica,Plants,Invasive species and diseases,1,1,3,5,Low,European Rabbit
Thelymitra stellata,Thelymitra stellata,Plants,Invasive species and diseases,2,0,3,5,Low,European Rabbit
Turnix melanogaster,Turnix melanogaster,Birds,Invasive species and diseases,1,1,3,5,Low,Red Fox
Turnix melanogaster,Turnix melanogaster,Birds,Invasive species and diseases,1,1,3,5,Low,Feral Pig
Westralunio carteri,Westralunio carteri,Invertebrates,Invasive species and diseases,1,1,3,5,Low,Feral Pig
Xylopia monosperma,Xylopia monosperma,Plants,Invasive species and diseases,2,0,3,5,Low,Feral Pig
Zoothera lunulata halmaturina,Zoothera lunulata halmaturina,Birds,Invasive species and diseases,1,1,3,5,Low,European Rabbit
Zoothera lunulata halmaturina,Zoothera lunulata halmaturina,Birds,Invasive species and diseases,1,1,3,5,Low,Red Fox
Acacia latzii,Acacia latzii,Plants,Invasive species and diseases,2,1,1,4,Low,Buffel Grass
Acanthiza iredalei rosinae,Acanthiza iredalei rosinae,Birds,Invasive species and diseases,1,0,3,4,Low,European Rabbit
Acanthiza iredalei rosinae,Acanthiza iredalei rosinae,Birds,Invasive species and diseases,1,0,3,4,Low,Red Fox
Atrichornis clamosus,Atrichornis clamosus,Birds,Invasive species and diseases,1,0,3,4,Low,Red Fox
Dasyornis brachypterus,Dasyornis brachypterus brachypterus,Birds,Invasive species and diseases,1,0,3,4,Low,Red Fox
Dasyurus maculatus gracilis,Dasyurus maculatus gracilis,Mammals,Invasive species and diseases,1,0,3,4,Low,Cane Toad
Dasyurus maculatus maculatus (SE mainland population),Dasyurus maculatus maculatus (SE mainland populations),Mammals,Invasive species and diseases,0,1,3,4,Low,Cane Toad
Epthianura crocea macgregori,Epthianura crocea macgregori,Birds,Invasive species and diseases,1,0,3,4,Low,Feral Pig
Grantiella picta,Grantiella picta,Birds,Invasive species and diseases,1,0,3,4,Low,European Rabbit
Homoranthus prolixus,Homoranthus prolixus,Plants,Invasive species and diseases,0,1,3,4,Low,Feral Pig
Myriophyllum coronatum,Myriophyllum coronatum,Plants,Invasive species and diseases,0,1,3,4,Low,Feral Pig
Nangura spinosa,Nangura spinosa,Reptiles,Invasive species and diseases,1,0,3,4,Low,Lantana
Neophema chrysogaster,Neophema chrysogaster,Birds,Invasive species and diseases,1,0,3,4,Low,Red Fox
Olearia macdonnellensis,Olearia macdonnellensis,Plants,Invasive species and diseases,2,1,1,4,Low,Buffel Grass
Pezoporus occidentalis,Pezoporus occidentalis,Birds,Invasive species and diseases,1,0,3,4,Low,Buffel Grass
Pezoporus occidentalis,Pezoporus occidentalis,Birds,Invasive species and diseases,1,0,3,4,Low,European Rabbit
Pezoporus occidentalis,Pezoporus occidentalis,Birds,Invasive species and diseases,1,0,3,4,Low,Red Fox
Polytelis alexandrae,Polytelis alexandrae,Birds,Invasive species and diseases,1,0,3,4,Low,European Rabbit
Polytelis swainsonii,Polytelis swainsonii,Birds,Invasive species and diseases,1,0,3,4,Low,European Rabbit
Potorous longipes,Potorous longipes,Mammals,Invasive species and diseases,0,1,3,4,Low,Red Fox
Stipiturus malachurus intermedius,Stipiturus malachurus intermedius,Birds,Invasive species and diseases,1,0,3,4,Low,Red Fox
Thomasia glabripetala,Thomasia glabripetala,Plants,Invasive species and diseases,1,0,3,4,Low,European Rabbit
Caladenia wanosa,Caladenia wanosa,Plants,Invasive species and diseases,0,0,3,3,Low,Feral Pig
Calamanthus pyrrhopygia parkeri,Calamanthus pyrrhopygia parkeri,Birds,Invasive species and diseases,0,0,3,3,Low,European Rabbit
Casuarius casuarius johnsonii,Casuarius casuarius,Birds,Invasive species and diseases,0,0,3,3,Low,Feral Pig
Chlamydogobius squamigenus,Chlamydogobius squamigenus,Fish,Invasive species and diseases,0,0,3,3,Low,Cane Toad
Christinus guentheri,Christinus guentheri,Reptiles,Invasive species and diseases,0,0,3,3,Low,European Rabbit
Cinclosoma punctatum anachoreta,Cinclosoma punctatum anachoreta,Birds,Invasive species and diseases,0,0,3,3,Low,European Rabbit
Cinclosoma punctatum anachoreta,Cinclosoma punctatum anachoreta,Birds,Invasive species and diseases,0,0,3,3,Low,Red Fox
Dasyurus hallucatus,Dasyurus hallucatus,Mammals,Invasive species and diseases,0,0,3,3,Low,Cane Toad
Delma impar,Delma impar,Reptiles,Invasive species and diseases,0,0,3,3,Low,Red Fox
Diomedea antipodensis gibsoni,Diomedea antipodensis gibsoni,Birds,Invasive species and diseases,0,0,3,3,Low,Feral Pig
Diplazium cordifolium,Diplazium cordifolium,Plants,Invasive species and diseases,0,0,3,3,Low,Feral Pig
Diplazium pallidum,Diplazium pallidum,Plants,Invasive species and diseases,0,0,3,3,Low,Feral Pig
Kennedia glabrata,Kennedia glabrata,Plants,Invasive species and diseases,0,0,3,3,Low,Feral Pig
Liopholis guthega,Liopholis guthega,Reptiles,Invasive species and diseases,0,0,3,3,Low,Red Fox
Liopholis guthega,Liopholis guthega,Reptiles,Invasive species and diseases,0,0,3,3,Low,Feral Pig
Lucasium occultum,Lucasium occultum,Reptiles,Invasive species and diseases,0,0,3,3,Low,Red Fox
Microtis globula,Microtis globula,Plants,Invasive species and diseases,0,0,3,3,Low,Feral Pig
Omphalea celata,Omphalea celata,Plants,Invasive species and diseases,0,0,3,3,Low,Lantana
Ophidiocephalus taeniatus,Ophidiocephalus taeniatus,Reptiles,Invasive species and diseases,0,0,3,3,Low,European Rabbit
Pimelea curviflora var. curviflora,Pimelea curviflora var. curviflora,Plants,Invasive species and diseases,0,0,3,3,Low,Feral Pig
Scaturiginichthys vermeilipinnis,Scaturiginichthys vermeilipinnis,Fish,Invasive species and diseases,0,0,3,3,Low,Feral Pig
Scaturiginichthys vermeilipinnis,Scaturiginichthys vermeilipinnis,Fish,Invasive species and diseases,0,0,3,3,Low,Cane Toad
Tympanocryptis condaminensis,Tympanocryptis condaminensis,Reptiles,Invasive species and diseases,0,0,3,3,Low,Red Fox
Tympanocryptis pinguicolla,Tympanocryptis pinguicolla,Reptiles,Invasive species and diseases,0,0,3,3,Low,Red Fox
Tympanocryptis pinguicolla,Tympanocryptis pinguicolla,Reptiles,Invasive species and diseases,0,0,3,3,Low,European Rabbit
Macrozamia macdonnellii,Macrozamia macdonnellii,Plants,Invasive species and diseases,0,1,1,2,Negligible,Buffel Grass
Pterodroma leucoptera leucoptera,Pterodroma leucoptera leucoptera,Birds,Invasive species and diseases,0,0,1,1,Negligible,European Rabbit
Pterodroma mollis,Pterodroma mollis,Birds,Invasive species and diseases,0,0,1,1,Negligible,European Rabbit
Thalassarche melanophris,Thalassarche melanophrys,Birds,Invasive species and diseases,0,0,1,1,Negligible,European Rabbit
Chalinolobus dwyeri,Chalinolobus dwyeri,Mammals,Invasive species and diseases,0,0,0,0,Insufficient data,Red Fox
Egernia rugosa,Egernia rugosa,Reptiles,Invasive species and diseases,0,0,0,0,Insufficient data,Red Fox
Isoodon auratus barrowensis,Isoodon auratus barrowensis,Mammals,Invasive species and diseases,0,0,0,0,Insufficient data,Red Fox
Lagostrophus fasciatus fasciatus,Lagostrophus fasciatus fasciatus,Mammals,Invasive species and diseases,0,0,0,0,Insufficient data,European Rabbit
Liasis olivaceus barroni,Liasis olivaceus barroni,Reptiles,Invasive species and diseases,0,0,0,0,Insufficient data,Red Fox
Notechis scutatus ater,Notechis scutatus ater,Reptiles,Invasive species and diseases,0,0,0,0,Insufficient data,Cane Toad
Perameles gunnii victorian subspecies,Perameles gunnii victorian subspecies,Mammals,Invasive species and diseases,0,0,0,0,Insufficient data,Red Fox
Pterodroma arminjoniana,Pterodroma arminjoniana,Birds,Invasive species and diseases,0,0,0,0,Insufficient data,Feral Pig
Wollumbinia belli,Wollumbinia belli,Reptiles,Invasive species and diseases,0,0,0,0,Insufficient data,Red Fox
